{
    "title": "ML Engineering",
    "order": 1,
    "description": "Learn about machine learning engineering concepts",
    "children": [
      {
        "slug": "supervised",
        "title": "Supervised Learning",
        "order": 1,
        "description": "Techniques and approaches for supervised machine learning"
      },
      {
        "slug": "unsupervised",
        "title": "Unsupervised Learning",
        "order": 2,
        "description": "Methods for discovering patterns without labeled data"
      },
      {
        "slug": "reinforcement",
        "title": "Reinforcement Learning",
        "order": 3,
        "description": "Learning through interactions with an environment"
      }
    ]
  }